priority,satisfaction
financialPerf,4
industry,4
financialPerf,5
departament,0
industry,5
profDevelop,5
profDevelop,5
departament,5
industry,6
impactful,6
profDevelop,3
compensations,4
profDevelop,6
impactful,5
financialPerf,6
profDevelop,1
departament,5
impactful,2
departament,4
departament,5
industry,2
profDevelop,2
impactful,5
financialPerf,6
impactful,4
profDevelop,2
impactful,5
departament,5
compensations,4
industry,1
profDevelop,5
compensations,6
industry,5
profDevelop,1
profDevelop,2
industry,5
financialPerf,5
profDevelop,0
financialPerf,0
departament,1
industry,4
industry,2
impactful,5
diversity,5
financialPerf,5
impactful,5
diversity,6
profDevelop,5
profDevelop,6
financialPerf,5
financialPerf,2
compensations,5
impactful,5
impactful,4
profDevelop,6
profDevelop,2
industry,6
financialPerf,5
profDevelop,5
profDevelop,4
diversity,5
industry,5
departament,2
impactful,5
diversity,1
impactful,1
industry,3
departament,4
industry,2
industry,1
departament,1
diversity,4
departament,1
departament,2
impactful,5
financialPerf,5
departament,3
departament,6
financialPerf,5
industry,5
departament,5
compensations,5
financialPerf,6
industry,4
profDevelop,2
tecnologies,5
impactful,5
departament,1
financialPerf,6
financialPerf,1
industry,0
profDevelop,6
departament,6
tecnologies,3
profDevelop,4
departament,3
profDevelop,5
financialPerf,4
departament,6
industry,0
departament,2
workRemot,6
impactful,5
profDevelop,5
impactful,4
profDevelop,4
impactful,2
financialPerf,6
profDevelop,6
profDevelop,4
diversity,5
profDevelop,1
profDevelop,2
impactful,1
financialPerf,5
financialPerf,4
financialPerf,1
financialPerf,4
profDevelop,2
departament,3
profDevelop,5
departament,5
profDevelop,2
profDevelop,2
impactful,2
profDevelop,4
financialPerf,1
financialPerf,3
impactful,5
impactful,4
departament,1
culture,5
profDevelop,5
departament,0
financialPerf,1
industry,2
industry,5
compensations,4
departament,6
departament,4
departament,1
profDevelop,5
profDevelop,2
tecnologies,1
financialPerf,6
profDevelop,5
workRemot,5
diversity,5
financialPerf,5
departament,4
impactful,6
profDevelop,4
industry,6
departament,5
tecnologies,6
departament,1
departament,5
financialPerf,4
financialPerf,2
profDevelop,5
profDevelop,4
financialPerf,4
culture,5
financialPerf,0
industry,4
financialPerf,4
industry,5
workRemot,2
departament,5
compensations,1
profDevelop,6
financialPerf,6
departament,4
industry,6
workRemot,2
profDevelop,1
impactful,5
impactful,3
departament,5
financialPerf,6
industry,6
profDevelop,5
compensations,6
compensations,5
industry,1
financialPerf,2
financialPerf,5
profDevelop,3
industry,1
departament,6
profDevelop,1
impactful,5
compensations,5
departament,4
impactful,0
departament,3
compensations,4
financialPerf,5
profDevelop,5
industry,4
impactful,5
profDevelop,1
compensations,5
departament,6
compensations,5
financialPerf,1
tecnologies,0
industry,0
impactful,5
financialPerf,5
financialPerf,4
departament,5
financialPerf,0
financialPerf,4
departament,6
profDevelop,1
financialPerf,4
impactful,4
departament,4
profDevelop,1
diversity,6
profDevelop,5
industry,6
departament,2
financialPerf,4
workRemot,6
industry,4
profDevelop,0
departament,3
financialPerf,2
profDevelop,5
departament,4
profDevelop,6
departament,5
compensations,6
industry,5
financialPerf,6
profDevelop,4
diversity,2
profDevelop,5
impactful,5
departament,6
diversity,6
financialPerf,2
departament,4
impactful,5
departament,4
impactful,4
profDevelop,5
industry,2
financialPerf,5
tecnologies,1
profDevelop,6
profDevelop,1
compensations,5
departament,1
impactful,6
impactful,2
profDevelop,2
impactful,5
financialPerf,5
profDevelop,3
profDevelop,4
departament,5
industry,5
financialPerf,5
profDevelop,4
impactful,5
profDevelop,5
profDevelop,2
industry,1
departament,6
financialPerf,5
industry,5
departament,4
departament,2
financialPerf,5
profDevelop,6
impactful,5
departament,4
impactful,3
tecnologies,5
departament,5
culture,1
profDevelop,5
workRemot,1
departament,5
industry,2
financialPerf,4
financialPerf,2
profDevelop,5
profDevelop,5
culture,1
financialPerf,6
departament,4
industry,6
profDevelop,4
impactful,6
compensations,3
impactful,0
impactful,5
financialPerf,6
financialPerf,5
departament,5
impactful,5
workRemot,0
departament,5
profDevelop,3
profDevelop,6
profDevelop,1
diversity,4
profDevelop,6
financialPerf,2
industry,3
impactful,6
diversity,4
financialPerf,3
impactful,5
departament,1
profDevelop,5
profDevelop,4
departament,5
culture,2
financialPerf,5
impactful,4
impactful,4
impactful,1
impactful,2
profDevelop,1
financialPerf,1
impactful,5
impactful,4
departament,5
profDevelop,2
impactful,1
impactful,5
compensations,5
departament,2
departament,2
diversity,6
industry,5
profDevelop,6
departament,4
impactful,1
industry,1
departament,4
compensations,1
profDevelop,1
departament,1
profDevelop,0
profDevelop,5
tecnologies,1
impactful,5
tecnologies,1
industry,1
profDevelop,2
industry,4
financialPerf,5
compensations,4
profDevelop,1
profDevelop,1
impactful,5
profDevelop,4
departament,5
profDevelop,2
profDevelop,5
industry,1
profDevelop,6
compensations,5
profDevelop,5
compensations,4
profDevelop,4
financialPerf,4
departament,2
profDevelop,6
diversity,4
tecnologies,2
tecnologies,5
financialPerf,6
profDevelop,4
culture,2
impactful,1
profDevelop,4
compensations,6
financialPerf,1
diversity,5
departament,5
industry,5
profDevelop,4
diversity,5
financialPerf,5
profDevelop,5
financialPerf,5
profDevelop,4
departament,4
financialPerf,5
compensations,1
diversity,5
profDevelop,5
departament,2
financialPerf,5
financialPerf,4
departament,3
impactful,5
compensations,3
profDevelop,4
profDevelop,3
profDevelop,2
departament,0
culture,1
departament,5
compensations,4
industry,5
financialPerf,1
tecnologies,5
impactful,5
culture,2
workRemot,5
financialPerf,5
profDevelop,1
profDevelop,1
workRemot,5
profDevelop,4
profDevelop,4
impactful,5
financialPerf,4
industry,5
impactful,6
departament,5
culture,1
financialPerf,2
profDevelop,5
departament,3
impactful,5
profDevelop,5
financialPerf,5
financialPerf,5
profDevelop,1
profDevelop,6
industry,5
industry,1
compensations,5
departament,2
industry,5
financialPerf,5
profDevelop,4
profDevelop,6
financialPerf,5
profDevelop,1
industry,5
impactful,6
profDevelop,6
workRemot,1
financialPerf,5
departament,5
compensations,2
industry,2
financialPerf,5
impactful,3
impactful,5
impactful,4
profDevelop,1
impactful,5
compensations,6
industry,5
financialPerf,6
industry,1
industry,4
impactful,5
impactful,6
financialPerf,5
departament,2
departament,4
financialPerf,6
compensations,5
impactful,1
industry,6
departament,0
profDevelop,3
financialPerf,5
profDevelop,1
departament,5
industry,6
compensations,4
profDevelop,5
tecnologies,4
compensations,1
financialPerf,1
profDevelop,3
profDevelop,5
industry,2
industry,6
departament,0
profDevelop,5
impactful,3
profDevelop,2
diversity,2
tecnologies,5
industry,1
diversity,4
diversity,1
financialPerf,1
departament,4
financialPerf,1
financialPerf,1
workRemot,1
financialPerf,0
financialPerf,0
tecnologies,6
impactful,6
profDevelop,3
culture,0
compensations,6
financialPerf,5
diversity,2
financialPerf,0
profDevelop,5
financialPerf,2
departament,2
financialPerf,1
tecnologies,4
impactful,2
departament,1
diversity,5
profDevelop,0
profDevelop,4
departament,4
industry,1
financialPerf,1
industry,6
financialPerf,1
industry,5
tecnologies,5
industry,4
industry,3
financialPerf,6
departament,2
financialPerf,5
impactful,6
industry,3
culture,4
impactful,5
departament,4
financialPerf,0
departament,5
impactful,5
profDevelop,5
financialPerf,4
compensations,5
financialPerf,6
financialPerf,3
industry,5
tecnologies,5
departament,5
impactful,4
departament,5
diversity,0
industry,5
impactful,5
profDevelop,5
departament,3
profDevelop,2
financialPerf,4
impactful,2
departament,5
profDevelop,5
impactful,2
profDevelop,5
impactful,4
culture,2
profDevelop,3
impactful,1
financialPerf,5
departament,4
industry,4
profDevelop,5
profDevelop,5
departament,2
profDevelop,5
departament,5
diversity,4
financialPerf,5
departament,1
diversity,3
diversity,2
industry,1
industry,4
impactful,0
profDevelop,5
financialPerf,5
departament,5
departament,5
departament,6
financialPerf,5
impactful,3
profDevelop,6
departament,5
departament,2
departament,4
profDevelop,5
departament,5
compensations,6
financialPerf,0
profDevelop,3
profDevelop,5
industry,2
financialPerf,4
compensations,2
departament,5
departament,6
compensations,5
financialPerf,3
impactful,5
departament,5
financialPerf,5
impactful,6
profDevelop,3
impactful,1
impactful,5
profDevelop,5
workRemot,5
industry,3
departament,4
departament,1
industry,4
culture,4
departament,4
industry,6
profDevelop,1
compensations,1
industry,5
profDevelop,0
industry,3
industry,1
departament,6
diversity,5
profDevelop,5
industry,6
financialPerf,1
departament,6
diversity,4
tecnologies,5
diversity,5
profDevelop,6
tecnologies,0
departament,5
compensations,5
industry,5
profDevelop,6
impactful,6
financialPerf,1
impactful,3
departament,5
financialPerf,3
financialPerf,6
profDevelop,6
industry,2
departament,5
industry,2
financialPerf,5
financialPerf,4
profDevelop,2
industry,4
financialPerf,1
departament,1
industry,4
financialPerf,5
financialPerf,6
departament,5
diversity,6
compensations,5
industry,4
industry,2
financialPerf,5
industry,4
industry,6
financialPerf,4
industry,4
financialPerf,1
financialPerf,3
impactful,1
impactful,2
industry,6
financialPerf,1
departament,6
industry,6
financialPerf,4
profDevelop,1
departament,5
departament,1
culture,1
departament,6
impactful,3
financialPerf,4
diversity,5
diversity,5
financialPerf,6
financialPerf,6
profDevelop,5
profDevelop,6
profDevelop,5
financialPerf,0
industry,1
financialPerf,5
profDevelop,1
profDevelop,4
compensations,5
profDevelop,3
profDevelop,6
profDevelop,6
financialPerf,0
impactful,5
impactful,5
profDevelop,5
profDevelop,0
tecnologies,6
profDevelop,5
tecnologies,2
profDevelop,5
industry,1
impactful,2
impactful,5
departament,0
financialPerf,6
financialPerf,5
profDevelop,4
profDevelop,1
culture,2
tecnologies,5
impactful,4
industry,6
culture,1
impactful,5
profDevelop,4
departament,2
profDevelop,4
compensations,6
industry,6
financialPerf,5
financialPerf,1
diversity,6
industry,5
industry,0
workRemot,5
financialPerf,2
industry,5
departament,6
profDevelop,5
profDevelop,5
diversity,5
industry,1
industry,6
impactful,1
financialPerf,6
departament,5
financialPerf,5
impactful,1
departament,2
culture,5
profDevelop,2
profDevelop,4
financialPerf,0
profDevelop,4
impactful,0
departament,5
industry,5
impactful,5
industry,5
financialPerf,4
departament,6
industry,1
industry,5
workRemot,4
culture,4
compensations,3
industry,2
profDevelop,3
profDevelop,5
profDevelop,3
impactful,6
financialPerf,1
profDevelop,5
profDevelop,5
financialPerf,2
profDevelop,6
profDevelop,6
compensations,1
financialPerf,6
financialPerf,6
financialPerf,6
profDevelop,1
diversity,6
financialPerf,5
profDevelop,5
impactful,5
profDevelop,1
industry,2
impactful,5
departament,2
financialPerf,0
departament,6
impactful,4
financialPerf,3
financialPerf,6
departament,4
profDevelop,5
profDevelop,6
profDevelop,4
profDevelop,3
profDevelop,2
profDevelop,5
financialPerf,5
profDevelop,6
departament,3
profDevelop,1
compensations,2
profDevelop,4
financialPerf,5
impactful,5
profDevelop,1
profDevelop,6
profDevelop,5
departament,6
compensations,6
diversity,5
impactful,6
profDevelop,1
departament,4
industry,6
profDevelop,5
departament,5
profDevelop,6
departament,5
profDevelop,5
industry,5
financialPerf,6
departament,0
departament,1
financialPerf,5
industry,5
profDevelop,5
workRemot,1
profDevelop,6
industry,6
financialPerf,5
culture,5
impactful,4
impactful,3
profDevelop,5
departament,3
departament,6
departament,5
industry,1
culture,6
departament,5
profDevelop,4
industry,4
financialPerf,5
compensations,6
departament,4
financialPerf,6
departament,4
profDevelop,5
departament,5
departament,0
departament,6
profDevelop,1
tecnologies,5
impactful,1
profDevelop,6
departament,6
profDevelop,0
departament,1
impactful,5
profDevelop,5
profDevelop,5
industry,4
profDevelop,4
diversity,5
profDevelop,5
departament,6
profDevelop,1
diversity,4
profDevelop,6
profDevelop,5
departament,3
impactful,4
compensations,5
impactful,6
financialPerf,3
industry,5
industry,1
industry,5
departament,6
impactful,4
profDevelop,2
profDevelop,0
industry,4
departament,0
profDevelop,5
financialPerf,5
industry,3
impactful,1
diversity,1
diversity,1
tecnologies,2
diversity,5
profDevelop,5
impactful,3
industry,6
profDevelop,5
tecnologies,1
financialPerf,4
financialPerf,6
departament,4
compensations,0
industry,5
workRemot,2
profDevelop,6
profDevelop,2
profDevelop,5
diversity,5
diversity,6
departament,4
profDevelop,4
impactful,0
profDevelop,4
impactful,4
departament,2
profDevelop,2
profDevelop,4
impactful,5
impactful,5
departament,5
departament,2
profDevelop,5
workRemot,5
industry,1
profDevelop,5
impactful,0
profDevelop,2
financialPerf,4
financialPerf,2
departament,2
diversity,3
compensations,2
diversity,4
culture,5
impactful,5
financialPerf,6
tecnologies,1
profDevelop,4
impactful,2
workRemot,4
diversity,2
profDevelop,5
financialPerf,3
workRemot,5
departament,5
compensations,6
departament,2
compensations,4
profDevelop,5
departament,4
diversity,4
profDevelop,5
financialPerf,5
profDevelop,0
departament,5
diversity,5
profDevelop,2
departament,1
impactful,5
financialPerf,1
diversity,5
tecnologies,5
profDevelop,1
tecnologies,2
profDevelop,4
profDevelop,1
departament,5
departament,6
profDevelop,2
industry,5
impactful,3
profDevelop,5
financialPerf,2
industry,2
profDevelop,6
culture,5
industry,6
diversity,2
departament,4
financialPerf,5
profDevelop,3
workRemot,5
industry,3
financialPerf,1
impactful,4
industry,5
financialPerf,5
profDevelop,2
workRemot,4
impactful,5
departament,4
compensations,5
financialPerf,2
departament,5
departament,6
profDevelop,4
diversity,5
impactful,1
profDevelop,5
departament,1
diversity,4
culture,6
impactful,5
industry,5
culture,4
financialPerf,1
industry,1
tecnologies,5
profDevelop,5
profDevelop,4
departament,3
financialPerf,4
profDevelop,4
profDevelop,4
compensations,6
compensations,6
compensations,5
departament,4
impactful,5
profDevelop,0
financialPerf,6
compensations,5
departament,3
tecnologies,5
departament,6
industry,5
industry,5
profDevelop,1
industry,1
profDevelop,1
culture,4
industry,6
profDevelop,0
workRemot,6
departament,4
departament,5
compensations,2
profDevelop,6
diversity,5
departament,1
departament,5
profDevelop,5
profDevelop,5
impactful,5
financialPerf,5
workRemot,3
impactful,4
impactful,5
industry,1
profDevelop,4
industry,5
diversity,5
industry,3
industry,6
departament,5
profDevelop,2
diversity,5
industry,5
financialPerf,5
profDevelop,5
profDevelop,1
industry,4
financialPerf,6
financialPerf,1
financialPerf,5
profDevelop,1
tecnologies,5
compensations,5
profDevelop,1
culture,5
impactful,6
profDevelop,5
financialPerf,5
culture,0
industry,5
profDevelop,3
financialPerf,5
profDevelop,6
compensations,4
financialPerf,5
financialPerf,5
impactful,5
impactful,2
profDevelop,5
profDevelop,1
industry,0
financialPerf,5
profDevelop,2
profDevelop,6
culture,4
diversity,5
tecnologies,5
compensations,6
industry,2
departament,4
industry,5
industry,2
diversity,6
financialPerf,5
compensations,5
financialPerf,2
profDevelop,3
impactful,2
departament,5
financialPerf,5
impactful,5
diversity,5
culture,5
financialPerf,5
profDevelop,5
compensations,6
departament,0
impactful,0
impactful,6
departament,2
financialPerf,1
impactful,5
departament,3
profDevelop,5
financialPerf,1
financialPerf,0
departament,5
profDevelop,5
impactful,5
profDevelop,5
impactful,1
profDevelop,2
industry,5
financialPerf,1
departament,5
financialPerf,1
departament,3
diversity,3
industry,6
compensations,0
financialPerf,5
industry,5
profDevelop,2
financialPerf,4
impactful,5
departament,5
departament,5
impactful,5
profDevelop,6
impactful,0
compensations,3
industry,6
tecnologies,1
departament,4
profDevelop,3
profDevelop,5
profDevelop,2
profDevelop,1
industry,5
financialPerf,5
profDevelop,4
culture,2
departament,5
departament,5
departament,2
industry,5
culture,3
profDevelop,5
profDevelop,5
profDevelop,2
financialPerf,4
departament,4
financialPerf,5
financialPerf,1
profDevelop,4
departament,0
workRemot,4
compensations,1
financialPerf,5
financialPerf,4
profDevelop,1
departament,3
industry,0
impactful,2
industry,4
profDevelop,2
impactful,5
compensations,6
culture,5
industry,4
profDevelop,4
culture,5
profDevelop,2
profDevelop,0
profDevelop,5
financialPerf,1
financialPerf,1
financialPerf,6
departament,5
impactful,5
profDevelop,1
workRemot,2
financialPerf,6
diversity,2
profDevelop,5
tecnologies,2
impactful,4
profDevelop,5
profDevelop,5
compensations,3
departament,5
industry,4
profDevelop,5
financialPerf,6
departament,6
industry,3
compensations,5
culture,5
departament,2
profDevelop,2
profDevelop,2
workRemot,6
impactful,5
industry,6
diversity,6
impactful,5
profDevelop,2
financialPerf,4
profDevelop,5
compensations,5
profDevelop,5
industry,1
workRemot,6
diversity,5
profDevelop,1
departament,4
departament,4
financialPerf,5
departament,6
profDevelop,5
industry,5
profDevelop,2
impactful,5
departament,5
industry,3
departament,0
profDevelop,5
compensations,6
financialPerf,0
impactful,6
impactful,6
departament,6
culture,1
departament,5
profDevelop,2
industry,3
profDevelop,5
profDevelop,5
departament,5
profDevelop,3
industry,3
industry,6
industry,3
compensations,5
impactful,2
industry,4
compensations,5
financialPerf,5
compensations,5
diversity,5
profDevelop,4
compensations,2
workRemot,6
departament,1
culture,5
profDevelop,4
compensations,1
profDevelop,4
financialPerf,2
financialPerf,2
industry,3
profDevelop,2
culture,5
industry,4
financialPerf,5
industry,3
departament,6
industry,6
departament,1
departament,4
departament,5
diversity,5
impactful,6
industry,4
impactful,6
impactful,3
industry,5
departament,5
industry,6
impactful,5
departament,6
industry,5
compensations,3
industry,6
impactful,5
industry,5
impactful,2
impactful,4
departament,5
diversity,5
financialPerf,5
diversity,0
profDevelop,0
departament,5
diversity,2
departament,5
industry,3
financialPerf,6
profDevelop,6
profDevelop,4
diversity,5
diversity,5
financialPerf,6
diversity,0
tecnologies,5
impactful,5
industry,6
impactful,5
industry,2
compensations,1
departament,6
financialPerf,4
culture,3
profDevelop,3
impactful,6
industry,5
impactful,5
compensations,3
industry,5
industry,2
departament,5
compensations,1
financialPerf,6
culture,6
compensations,6
compensations,1
profDevelop,5
compensations,6
industry,5
diversity,4
departament,5
compensations,4
impactful,4
industry,0
compensations,3
compensations,5
departament,5
profDevelop,2
diversity,5
industry,2
impactful,5
compensations,5
industry,4
impactful,6
industry,2
profDevelop,6
compensations,5
impactful,4
impactful,1
profDevelop,1
departament,5
profDevelop,2
impactful,5
impactful,5
departament,2
impactful,1
industry,5
impactful,5
departament,3
profDevelop,6
profDevelop,2
compensations,5
profDevelop,4
financialPerf,6
departament,5
tecnologies,5
impactful,5
culture,4
industry,6
impactful,5
impactful,5
impactful,5
culture,3
departament,3
impactful,5
compensations,1
profDevelop,5
profDevelop,3
departament,0
impactful,4
profDevelop,2
impactful,4
departament,2
compensations,2
impactful,6
departament,2
impactful,5
industry,2
impactful,5
financialPerf,0
impactful,1
departament,0
profDevelop,4
departament,1
impactful,5
impactful,5
impactful,5
financialPerf,4
compensations,6
profDevelop,5
industry,3
impactful,2
industry,2
profDevelop,3
tecnologies,3
profDevelop,5
profDevelop,6
profDevelop,1
impactful,1
impactful,6
departament,5
diversity,4
profDevelop,0
impactful,0
impactful,1
industry,1
culture,4
profDevelop,4
departament,2
financialPerf,6
financialPerf,1
profDevelop,2
profDevelop,1
profDevelop,6
compensations,1
diversity,1
impactful,2
profDevelop,3
profDevelop,4
profDevelop,2
impactful,6
industry,0
compensations,2
profDevelop,5
profDevelop,6
tecnologies,3
financialPerf,6
departament,4
industry,4
impactful,5
departament,5
impactful,5
profDevelop,5
diversity,6
profDevelop,4
culture,4
diversity,6
impactful,5
impactful,4
impactful,6
departament,3
tecnologies,1
culture,5
diversity,3
impactful,5
impactful,6
impactful,4
impactful,5
industry,2
industry,1
profDevelop,5
impactful,6
industry,5
impactful,6
profDevelop,3
impactful,5
profDevelop,5
departament,6
departament,3
profDevelop,5
impactful,6
financialPerf,3
profDevelop,6
profDevelop,2
financialPerf,1
profDevelop,4
profDevelop,2
financialPerf,5
compensations,5
industry,5
workRemot,5
impactful,6
industry,1
departament,5
industry,5
financialPerf,3
financialPerf,5
industry,3
